"USER_ID","NAME","EMAIL","PASSWORD","PHONE_NUMBER","CREATED_AT"
2001,"Arjun Sharma","arjun.sharma3@airindia.in","hashed_pass_abc","+91900002001",12-03-23 9:15:30.000000000 AM
2002,"Priya Patel","priya.patel3@gmail.in","hashed_pass_def","+91900002002",25-04-23 2:45:12.000000000 PM
2003,"Vikram Singh","vikram.singh3@airindia.in","hashed_pass_ghi","+91900002003",07-06-23 9:10:55.000000000 PM
2004,"Ananya Kapoor","ananya.kapoor3@gmail.in","hashed_pass_jkl","+91900002004",19-07-23 6:30:22.000000000 AM
2005,"Rohan Rao","rohan.rao3@airindia.in","hashed_pass_mno","+91900002005",03-09-23 5:25:47.000000000 PM
2006,"Neha Gupta","neha.gupta3@gmail.in","hashed_pass_pqr","+91900002006",15-10-23 11:55:09.000000000 AM
2007,"Arjun Desai","arjun.desai3@airindia.in","hashed_pass_stu","+91900002007",28-11-23 3:40:15.000000000 AM
2008,"Suman Joshi","suman.joshi3@gmail.in","hashed_pass_vwx","+91900002008",09-01-24 1:20:33.000000000 PM
2009,"Kunal Yadav","kunal.yadav3@airindia.in","hashed_pass_yza","+91900002009",14-02-24 7:05:58.000000000 PM
2010,"Tara Iyer","tara.iyer5@gmail.in","hashed_pass_bcd","+91900002010",22-03-24 8:50:41.000000000 AM
4,"Vikram Singh","vikram.singh6@airindia.in","1234","+91900005003",20-02-25 12:26:25.927000000 PM
2,"Aarav Sharma","aarav.sharma6@airindia.in","1234","+91900005001",20-02-25 12:31:33.665000000 PM
0,"Priya Patel","priya.patel6@gmail.in","string","+91900005002",20-02-25 1:27:24.220000000 PM
4079,"Vivek Choudhary","vivek.choudhary2@airindia.in","hashed_pass_a79","+919000004079",01-07-24 4:15:01.000000000 PM
4080,"Kiran Malhotra","kiran.malhotra2@gmail.in","hashed_pass_a80","+919000004080",08-07-24 10:30:24.000000000 AM
4081,"Sunil Banerjee","sunil.banerjee2@airindia.in","hashed_pass_a81","+919000004081",15-07-24 1:45:47.000000000 AM
4082,"Priyanka Bose","priyanka.bose2@gmail.in","hashed_pass_a82","+919000004082",22-07-24 12:00:10.000000000 PM
4083,"Rahul Tiwari","rahul.tiwari2@airindia.in","hashed_pass_a83","+919000004083",29-07-24 6:15:33.000000000 PM
4084,"Neelam Singh","neelam.singh2@gmail.in","hashed_pass_a84","+919000004084",05-08-24 9:30:56.000000000 AM
4085,"Gaurav Purohit","gaurav.purohit2@airindia.in","hashed_pass_a85","+919000004085",12-08-24 8:45:19.000000000 PM
4086,"Shalini Khanna","shalini.khanna2@gmail.in","hashed_pass_a86","+919000004086",19-08-24 6:00:42.000000000 AM
4087,"Manoj Singh","manoj.singh2@airindia.in","hashed_pass_a87","+919000004087",26-08-24 3:15:05.000000000 PM
4088,"Divya Arora","divya.arora2@gmail.in","hashed_pass_a88","+919000004088",02-09-24 11:30:28.000000000 AM
4089,"Pranav Sharma","pranav.sharma2@airindia.in","hashed_pass_a89","+919000004089",09-09-24 10:45:51.000000000 PM
4090,"Radha Patel","radha.patel2@gmail.in","hashed_pass_a90","+919000004090",16-09-24 7:00:14.000000000 AM
4091,"Karan Singh","karan.singh2@airindia.in","hashed_pass_a91","+919000004091",23-09-24 4:15:37.000000000 PM
4092,"Lakshmi Kapoor","lakshmi.kapoor2@gmail.in","hashed_pass_a92","+919000004092",30-09-24 10:30:00.000000000 AM
4093,"Abhishek Rao","abhishek.rao2@airindia.in","hashed_pass_a93","+919000004093",07-10-24 1:45:23.000000000 AM
4094,"Rani Gupta","rani.gupta2@gmail.in","hashed_pass_a94","+919000004094",14-10-24 12:00:46.000000000 PM
4095,"Yuvraj Desai","yuvraj.desai2@airindia.in","hashed_pass_a95","+919000004095",21-10-24 6:15:09.000000000 PM
4096,"Sita Joshi","sita.joshi2@gmail.in","hashed_pass_a96","+919000004096",28-10-24 9:30:32.000000000 AM
4097,"Vinay Yadav","vinay.yadav2@airindia.in","hashed_pass_a97","+919000004097",04-11-24 8:45:55.000000000 PM
4098,"Tara Iyer","tara.iyer4@gmail.in","hashed_pass_a98","+919000004098",11-11-24 6:00:18.000000000 AM
4099,"Rajesh Mehta","rajesh.mehta4@airindia.in","hashed_pass_a99","+919000004099",18-11-24 3:15:41.000000000 PM
4100,"Deepika Nair","deepika.nair4@gmail.in","hashed_pass_b00","+919000004100",25-11-24 11:30:04.000000000 AM
4001,"Aarav Sharma","aarav.sharma1@airindia.in","hashed_pass_a01","+919000004001",05-01-23 8:15:23.000000000 AM
4002,"Priya Patel","priya.patel1@gmail.in","hashed_pass_a02","+919000004002",12-01-23 2:30:47.000000000 PM
4003,"Vikram Singh","vikram.singh1@airindia.in","hashed_pass_a03","+919000004003",19-01-23 9:45:12.000000000 PM
4004,"Ananya Kapoor","ananya.kapoor1@gmail.in","hashed_pass_a04","+919000004004",25-01-23 6:10:58.000000000 AM
4005,"Rohan Rao","rohan.rao1@airindia.in","hashed_pass_a05","+919000004005",02-02-23 5:25:33.000000000 PM
4006,"Neha Gupta","neha.gupta1@gmail.in","hashed_pass_a06","+919000004006",08-02-23 11:50:19.000000000 AM
4007,"Arjun Desai","arjun.desai1@airindia.in","hashed_pass_a07","+919000004007",15-02-23 3:35:44.000000000 AM
4008,"Suman Joshi","suman.joshi1@gmail.in","hashed_pass_a08","+919000004008",22-02-23 1:20:07.000000000 PM
4009,"Kunal Yadav","kunal.yadav1@airindia.in","hashed_pass_a09","+919000004009",01-03-23 7:05:51.000000000 PM
4010,"Tara Iyer","tara.iyer1@gmail.in","hashed_pass_a10","+919000004010",07-03-23 8:40:29.000000000 AM
4011,"Rajesh Mehta","rajesh.mehta1@airindia.in","hashed_pass_a11","+919000004011",14-03-23 3:55:13.000000000 PM
4012,"Deepika Nair","deepika.nair1@gmail.in","hashed_pass_a12","+919000004012",21-03-23 10:10:38.000000000 PM
4013,"Sanjay Kumar","sanjay.kumar1@airindia.in","hashed_pass_a13","+919000004013",28-03-23 7:25:04.000000000 AM
4014,"Shruti Verma","shruti.verma1@gmail.in","hashed_pass_a14","+919000004014",03-04-23 4:40:27.000000000 PM
4015,"Vikram Reddy","vikram.reddy1@airindia.in","hashed_pass_a15","+919000004015",10-04-23 10:15:52.000000000 AM
4016,"Aishwarya Menon","aishwarya.menon1@gmail.in","hashed_pass_a16","+919000004016",17-04-23 2:30:16.000000000 AM
4017,"Amitabh Thakur","amitabh.thakur1@airindia.in","hashed_pass_a17","+919000004017",24-04-23 12:45:39.000000000 PM
4018,"Pooja Das","pooja.das1@gmail.in","hashed_pass_a18","+919000004018",01-05-23 6:00:22.000000000 PM
4019,"Harish Bansal","harish.bansal1@airindia.in","hashed_pass_a19","+919000004019",08-05-23 9:15:48.000000000 AM
4020,"Kavita Chawla","kavita.chawla1@gmail.in","hashed_pass_a20","+919000004020",15-05-23 8:30:11.000000000 PM
4021,"Aditya Jain","aditya.jain1@airindia.in","hashed_pass_a21","+919000004021",22-05-23 5:45:36.000000000 AM
4022,"Ritu Agarwal","ritu.agarwal1@gmail.in","hashed_pass_a22","+919000004022",29-05-23 2:00:59.000000000 PM
4023,"Nikhil Saxena","nikhil.saxena1@airindia.in","hashed_pass_a23","+919000004023",05-06-23 11:15:24.000000000 PM
4024,"Meera Bhatt","meera.bhatt1@gmail.in","hashed_pass_a24","+919000004024",12-06-23 8:30:47.000000000 AM
4025,"Dhruv Pandey","dhruv.pandey1@airindia.in","hashed_pass_a25","+919000004025",19-06-23 5:45:12.000000000 PM
4026,"Sonia Mishra","sonia.mishra1@gmail.in","hashed_pass_a26","+919000004026",26-06-23 11:00:35.000000000 AM
4027,"Rohit Sen","rohit.sen1@airindia.in","hashed_pass_a27","+919000004027",03-07-23 2:15:58.000000000 AM
4028,"Anjali Roy","anjali.roy1@gmail.in","hashed_pass_a28","+919000004028",10-07-23 1:30:21.000000000 PM
4029,"Vivek Choudhary","vivek.choudhary1@airindia.in","hashed_pass_a29","+919000004029",17-07-23 7:45:46.000000000 PM
4030,"Kiran Malhotra","kiran.malhotra1@gmail.in","hashed_pass_a30","+919000004030",24-07-23 7:00:09.000000000 AM
4031,"Sunil Banerjee","sunil.banerjee1@airindia.in","hashed_pass_a31","+919000004031",31-07-23 4:15:34.000000000 PM
4032,"Priyanka Bose","priyanka.bose1@gmail.in","hashed_pass_a32","+919000004032",07-08-23 10:30:57.000000000 AM
4033,"Rahul Tiwari","rahul.tiwari1@airindia.in","hashed_pass_a33","+919000004033",14-08-23 1:45:22.000000000 AM
4034,"Neelam Singh","neelam.singh1@gmail.in","hashed_pass_a34","+919000004034",21-08-23 12:00:45.000000000 PM
4035,"Gaurav Purohit","gaurav.purohit1@airindia.in","hashed_pass_a35","+919000004035",28-08-23 6:15:08.000000000 PM
4036,"Shalini Khanna","shalini.khanna1@gmail.in","hashed_pass_a36","+919000004036",04-09-23 9:30:31.000000000 AM
4037,"Manoj Singh","manoj.singh1@airindia.in","hashed_pass_a37","+919000004037",11-09-23 8:45:56.000000000 PM
4038,"Divya Arora","divya.arora1@gmail.in","hashed_pass_a38","+919000004038",18-09-23 6:00:19.000000000 AM
4039,"Pranav Sharma","pranav.sharma1@airindia.in","hashed_pass_a39","+919000004039",25-09-23 3:15:42.000000000 PM
4040,"Radha Patel","radha.patel1@gmail.in","hashed_pass_a40","+919000004040",02-10-23 11:30:05.000000000 AM
4041,"Karan Singh","karan.singh1@airindia.in","hashed_pass_a41","+919000004041",09-10-23 10:45:28.000000000 PM
4042,"Lakshmi Kapoor","lakshmi.kapoor1@gmail.in","hashed_pass_a42","+919000004042",16-10-23 7:00:51.000000000 AM
4043,"Abhishek Rao","abhishek.rao1@airindia.in","hashed_pass_a43","+919000004043",23-10-23 4:15:14.000000000 PM
4044,"Rani Gupta","rani.gupta1@gmail.in","hashed_pass_a44","+919000004044",30-10-23 10:30:37.000000000 AM
4045,"Yuvraj Desai","yuvraj.desai1@airindia.in","hashed_pass_a45","+919000004045",06-11-23 1:45:59.000000000 AM
4046,"Sita Joshi","sita.joshi1@gmail.in","hashed_pass_a46","+919000004046",13-11-23 12:00:22.000000000 PM
4047,"Vinay Yadav","vinay.yadav1@airindia.in","hashed_pass_a47","+919000004047",20-11-23 6:15:45.000000000 PM
4048,"Tara Iyer","tara.iyer2@gmail.in","hashed_pass_a48","+919000004048",27-11-23 9:30:08.000000000 AM
4049,"Rajesh Mehta","rajesh.mehta2@airindia.in","hashed_pass_a49","+919000004049",04-12-23 8:45:31.000000000 PM
4050,"Deepika Nair","deepika.nair2@gmail.in","hashed_pass_a50","+919000004050",11-12-23 6:00:54.000000000 AM
4051,"Arjun Sharma","arjun.sharma2@airindia.in","hashed_pass_a51","+919000004051",18-12-23 3:15:17.000000000 PM
4052,"Priya Patel","priya.patel2@gmail.in","hashed_pass_a52","+919000004052",25-12-23 11:30:40.000000000 AM
4053,"Vikram Singh","vikram.singh2@airindia.in","hashed_pass_a53","+919000004053",01-01-24 10:45:03.000000000 PM
4054,"Ananya Kapoor","ananya.kapoor2@gmail.in","hashed_pass_a54","+919000004054",08-01-24 7:00:26.000000000 AM
4055,"Rohan Rao","rohan.rao2@airindia.in","hashed_pass_a55","+919000004055",15-01-24 4:15:49.000000000 PM
4056,"Neha Gupta","neha.gupta2@gmail.in","hashed_pass_a56","+919000004056",22-01-24 10:30:12.000000000 AM
4057,"Arjun Desai","arjun.desai2@airindia.in","hashed_pass_a57","+919000004057",29-01-24 1:45:35.000000000 AM
4058,"Suman Joshi","suman.joshi2@gmail.in","hashed_pass_a58","+919000004058",05-02-24 12:00:58.000000000 PM
4059,"Kunal Yadav","kunal.yadav2@airindia.in","hashed_pass_a59","+919000004059",12-02-24 6:15:21.000000000 PM
4060,"Tara Iyer","tara.iyer3@gmail.in","hashed_pass_a60","+919000004060",19-02-24 9:30:44.000000000 AM
4061,"Rajesh Mehta","rajesh.mehta3@airindia.in","hashed_pass_a61","+919000004061",26-02-24 8:45:07.000000000 PM
4062,"Deepika Nair","deepika.nair3@gmail.in","hashed_pass_a62","+919000004062",04-03-24 6:00:30.000000000 AM
4063,"Sanjay Kumar","sanjay.kumar2@airindia.in","hashed_pass_a63","+919000004063",11-03-24 3:15:53.000000000 PM
4064,"Shruti Verma","shruti.verma2@gmail.in","hashed_pass_a64","+919000004064",18-03-24 11:30:16.000000000 AM
4065,"Vikram Reddy","vikram.reddy2@airindia.in","hashed_pass_a65","+919000004065",25-03-24 10:45:39.000000000 PM
4066,"Aishwarya Menon","aishwarya.menon2@gmail.in","hashed_pass_a66","+919000004066",01-04-24 7:00:02.000000000 AM
4067,"Amitabh Thakur","amitabh.thakur2@airindia.in","hashed_pass_a67","+919000004067",08-04-24 4:15:25.000000000 PM
4068,"Pooja Das","pooja.das2@gmail.in","hashed_pass_a68","+919000004068",15-04-24 10:30:48.000000000 AM
4069,"Harish Bansal","harish.bansal2@airindia.in","hashed_pass_a69","+919000004069",22-04-24 1:45:11.000000000 AM
4070,"Kavita Chawla","kavita.chawla2@gmail.in","hashed_pass_a70","+919000004070",29-04-24 12:00:34.000000000 PM
4071,"Aditya Jain","aditya.jain2@airindia.in","hashed_pass_a71","+919000004071",06-05-24 6:15:57.000000000 PM
4072,"Ritu Agarwal","ritu.agarwal2@gmail.in","hashed_pass_a72","+919000004072",13-05-24 9:30:20.000000000 AM
4073,"Nikhil Saxena","nikhil.saxena2@airindia.in","hashed_pass_a73","+919000004073",20-05-24 8:45:43.000000000 PM
4074,"Meera Bhatt","meera.bhatt2@gmail.in","hashed_pass_a74","+919000004074",27-05-24 6:00:06.000000000 AM
4075,"Dhruv Pandey","dhruv.pandey2@airindia.in","hashed_pass_a75","+919000004075",03-06-24 3:15:29.000000000 PM
4076,"Sonia Mishra","sonia.mishra2@gmail.in","hashed_pass_a76","+919000004076",10-06-24 11:30:52.000000000 AM
4077,"Rohit Sen","rohit.sen2@airindia.in","hashed_pass_a77","+919000004077",17-06-24 10:45:15.000000000 PM
4078,"Anjali Roy","anjali.roy2@gmail.in","hashed_pass_a78","+919000004078",24-06-24 7:00:38.000000000 AM
7,"Rajesh Mehta","rajesh.mehta5@airindia.in","1234","+91900000007",20-02-25 12:39:38.021000000 PM
9,"Deepika Nair","deepika.nair5@gmail.in","123","+91900000009",20-02-25 12:31:33.665000000 PM
